-- 003_seed_sessions.sql

-- Learning Proposals
INSERT INTO learning_proposal (id, external_id, name, tenant_id)
VALUES
  ('30000000-0000-0000-0000-000000000001', 'LP-MD', 'Marketing Digital', '00000000-0000-0000-0000-000000000001'),
  ('30000000-0000-0000-0000-000000000002', 'LP-UX', 'Diseño UX', '00000000-0000-0000-0000-000000000001')
ON CONFLICT (id) DO NOTHING;

-- Editions
INSERT INTO learning_proposal_edition (id, external_id, learning_proposal_id, name, tenant_id)
VALUES
  ('40000000-0000-0000-0000-000000000001', 'E-MD-26A', '30000000-0000-0000-0000-000000000001', 'Comisión A — 2026', '00000000-0000-0000-0000-000000000001'),
  ('40000000-0000-0000-0000-000000000002', 'E-UX-26A', '30000000-0000-0000-0000-000000000002', 'Comisión A — 2026', '00000000-0000-0000-0000-000000000001')
ON CONFLICT (id) DO NOTHING;

-- ── Sesiones de HOY (3) ─────────────────────────────────────────────────────
INSERT INTO class_session (id, learning_proposal_id, learning_proposal_edition_id, tenant_id, date, start_time, end_time, classroom, status)
VALUES
  ('50000000-0000-0000-0000-000000000001', '30000000-0000-0000-0000-000000000001', '40000000-0000-0000-0000-000000000001', '00000000-0000-0000-0000-000000000001', CURRENT_DATE, '18:00', '21:00', 'Aula 101', 'draft'),
  ('50000000-0000-0000-0000-000000000002', '30000000-0000-0000-0000-000000000001', '40000000-0000-0000-0000-000000000001', '00000000-0000-0000-0000-000000000001', CURRENT_DATE, '09:00', '12:00', 'Aula 102', 'open'),
  ('50000000-0000-0000-0000-000000000003', '30000000-0000-0000-0000-000000000002', '40000000-0000-0000-0000-000000000002', '00000000-0000-0000-0000-000000000001', CURRENT_DATE, '15:00', '18:00', 'Aula 201', 'draft')
ON CONFLICT (id) DO NOTHING;

-- ── Sesiones HISTÓRICAS (5) ──────────────────────────────────────────────────
INSERT INTO class_session (id, learning_proposal_id, learning_proposal_edition_id, tenant_id, date, start_time, end_time, classroom, status)
VALUES
  ('50000000-0000-0000-0000-000000000004', '30000000-0000-0000-0000-000000000001', '40000000-0000-0000-0000-000000000001', '00000000-0000-0000-0000-000000000001', CURRENT_DATE - 7,  '18:00', '21:00', 'Aula 101', 'synced'),
  ('50000000-0000-0000-0000-000000000005', '30000000-0000-0000-0000-000000000001', '40000000-0000-0000-0000-000000000001', '00000000-0000-0000-0000-000000000001', CURRENT_DATE - 14, '18:00', '21:00', 'Aula 101', 'synced'),
  ('50000000-0000-0000-0000-000000000006', '30000000-0000-0000-0000-000000000002', '40000000-0000-0000-0000-000000000002', '00000000-0000-0000-0000-000000000001', CURRENT_DATE - 7,  '15:00', '18:00', 'Aula 201', 'synced'),
  ('50000000-0000-0000-0000-000000000007', '30000000-0000-0000-0000-000000000002', '40000000-0000-0000-0000-000000000002', '00000000-0000-0000-0000-000000000001', CURRENT_DATE - 14, '15:00', '18:00', 'Aula 201', 'synced'),
  ('50000000-0000-0000-0000-000000000008', '30000000-0000-0000-0000-000000000001', '40000000-0000-0000-0000-000000000001', '00000000-0000-0000-0000-000000000001', CURRENT_DATE - 21, '18:00', '21:00', 'Aula 101', 'synced')
ON CONFLICT (id) DO NOTHING;

-- ── Docentes por sesión (sin ON CONFLICT — tabla no tiene constraint único) ──
INSERT INTO class_session_teacher (class_session_id, teacher_id, teacher_external_id, role)
SELECT * FROM (VALUES
  ('50000000-0000-0000-0000-000000000001'::uuid, '10000000-0000-0000-0000-000000000001'::uuid, 'T-001', 'titular'),
  ('50000000-0000-0000-0000-000000000001'::uuid, '10000000-0000-0000-0000-000000000002'::uuid, 'T-002', 'auxiliar'),
  ('50000000-0000-0000-0000-000000000002'::uuid, '10000000-0000-0000-0000-000000000001'::uuid, 'T-001', 'titular'),
  ('50000000-0000-0000-0000-000000000003'::uuid, '10000000-0000-0000-0000-000000000002'::uuid, 'T-002', 'titular'),
  ('50000000-0000-0000-0000-000000000004'::uuid, '10000000-0000-0000-0000-000000000001'::uuid, 'T-001', 'titular'),
  ('50000000-0000-0000-0000-000000000005'::uuid, '10000000-0000-0000-0000-000000000001'::uuid, 'T-001', 'titular'),
  ('50000000-0000-0000-0000-000000000006'::uuid, '10000000-0000-0000-0000-000000000002'::uuid, 'T-002', 'titular'),
  ('50000000-0000-0000-0000-000000000007'::uuid, '10000000-0000-0000-0000-000000000002'::uuid, 'T-002', 'titular'),
  ('50000000-0000-0000-0000-000000000008'::uuid, '10000000-0000-0000-0000-000000000001'::uuid, 'T-001', 'titular')
) AS v(class_session_id, teacher_id, teacher_external_id, role)
WHERE NOT EXISTS (
  SELECT 1 FROM class_session_teacher t
  WHERE t.class_session_id = v.class_session_id AND t.teacher_id = v.teacher_id
);

-- ── Alumnos por sesión ───────────────────────────────────────────────────────
INSERT INTO class_session_student (class_session_id, student_id, student_external_id)
SELECT * FROM (VALUES
  -- Sesión 1
  ('50000000-0000-0000-0000-000000000001'::uuid, '20000000-0000-0000-0000-000000000001'::uuid, 'S-001'),
  ('50000000-0000-0000-0000-000000000001'::uuid, '20000000-0000-0000-0000-000000000002'::uuid, 'S-002'),
  ('50000000-0000-0000-0000-000000000001'::uuid, '20000000-0000-0000-0000-000000000003'::uuid, 'S-003'),
  ('50000000-0000-0000-0000-000000000001'::uuid, '20000000-0000-0000-0000-000000000004'::uuid, 'S-004'),
  ('50000000-0000-0000-0000-000000000001'::uuid, '20000000-0000-0000-0000-000000000005'::uuid, 'S-005'),
  ('50000000-0000-0000-0000-000000000001'::uuid, '20000000-0000-0000-0000-000000000006'::uuid, 'S-006'),
  ('50000000-0000-0000-0000-000000000001'::uuid, '20000000-0000-0000-0000-000000000007'::uuid, 'S-007'),
  ('50000000-0000-0000-0000-000000000001'::uuid, '20000000-0000-0000-0000-000000000008'::uuid, 'S-008'),
  ('50000000-0000-0000-0000-000000000001'::uuid, '20000000-0000-0000-0000-000000000009'::uuid, 'S-009'),
  ('50000000-0000-0000-0000-000000000001'::uuid, '20000000-0000-0000-0000-000000000010'::uuid, 'S-010'),
  -- Sesión 2
  ('50000000-0000-0000-0000-000000000002'::uuid, '20000000-0000-0000-0000-000000000001'::uuid, 'S-001'),
  ('50000000-0000-0000-0000-000000000002'::uuid, '20000000-0000-0000-0000-000000000002'::uuid, 'S-002'),
  ('50000000-0000-0000-0000-000000000002'::uuid, '20000000-0000-0000-0000-000000000003'::uuid, 'S-003'),
  ('50000000-0000-0000-0000-000000000002'::uuid, '20000000-0000-0000-0000-000000000004'::uuid, 'S-004'),
  ('50000000-0000-0000-0000-000000000002'::uuid, '20000000-0000-0000-0000-000000000005'::uuid, 'S-005'),
  ('50000000-0000-0000-0000-000000000002'::uuid, '20000000-0000-0000-0000-000000000006'::uuid, 'S-006'),
  ('50000000-0000-0000-0000-000000000002'::uuid, '20000000-0000-0000-0000-000000000007'::uuid, 'S-007'),
  ('50000000-0000-0000-0000-000000000002'::uuid, '20000000-0000-0000-0000-000000000008'::uuid, 'S-008'),
  ('50000000-0000-0000-0000-000000000002'::uuid, '20000000-0000-0000-0000-000000000009'::uuid, 'S-009'),
  ('50000000-0000-0000-0000-000000000002'::uuid, '20000000-0000-0000-0000-000000000010'::uuid, 'S-010'),
  -- Sesión 3
  ('50000000-0000-0000-0000-000000000003'::uuid, '20000000-0000-0000-0000-000000000001'::uuid, 'S-001'),
  ('50000000-0000-0000-0000-000000000003'::uuid, '20000000-0000-0000-0000-000000000002'::uuid, 'S-002'),
  ('50000000-0000-0000-0000-000000000003'::uuid, '20000000-0000-0000-0000-000000000003'::uuid, 'S-003'),
  ('50000000-0000-0000-0000-000000000003'::uuid, '20000000-0000-0000-0000-000000000004'::uuid, 'S-004'),
  ('50000000-0000-0000-0000-000000000003'::uuid, '20000000-0000-0000-0000-000000000005'::uuid, 'S-005'),
  ('50000000-0000-0000-0000-000000000003'::uuid, '20000000-0000-0000-0000-000000000006'::uuid, 'S-006'),
  ('50000000-0000-0000-0000-000000000003'::uuid, '20000000-0000-0000-0000-000000000007'::uuid, 'S-007'),
  ('50000000-0000-0000-0000-000000000003'::uuid, '20000000-0000-0000-0000-000000000008'::uuid, 'S-008'),
  ('50000000-0000-0000-0000-000000000003'::uuid, '20000000-0000-0000-0000-000000000009'::uuid, 'S-009'),
  ('50000000-0000-0000-0000-000000000003'::uuid, '20000000-0000-0000-0000-000000000010'::uuid, 'S-010'),
  -- Históricas
  ('50000000-0000-0000-0000-000000000004'::uuid, '20000000-0000-0000-0000-000000000001'::uuid, 'S-001'),
  ('50000000-0000-0000-0000-000000000004'::uuid, '20000000-0000-0000-0000-000000000002'::uuid, 'S-002'),
  ('50000000-0000-0000-0000-000000000004'::uuid, '20000000-0000-0000-0000-000000000003'::uuid, 'S-003'),
  ('50000000-0000-0000-0000-000000000005'::uuid, '20000000-0000-0000-0000-000000000001'::uuid, 'S-001'),
  ('50000000-0000-0000-0000-000000000005'::uuid, '20000000-0000-0000-0000-000000000002'::uuid, 'S-002'),
  ('50000000-0000-0000-0000-000000000006'::uuid, '20000000-0000-0000-0000-000000000001'::uuid, 'S-001'),
  ('50000000-0000-0000-0000-000000000006'::uuid, '20000000-0000-0000-0000-000000000004'::uuid, 'S-004'),
  ('50000000-0000-0000-0000-000000000007'::uuid, '20000000-0000-0000-0000-000000000001'::uuid, 'S-001'),
  ('50000000-0000-0000-0000-000000000008'::uuid, '20000000-0000-0000-0000-000000000001'::uuid, 'S-001')
) AS v(class_session_id, student_id, student_external_id)
WHERE NOT EXISTS (
  SELECT 1 FROM class_session_student s
  WHERE s.class_session_id = v.class_session_id AND s.student_id = v.student_id
);

-- ── Registros de asistencia históricos ──────────────────────────────────────
INSERT INTO attendance_record (class_session_id, student_id, student_external_id, status, method, recorded_by_actor_type, recorded_by_actor_id, device_timestamp, sync_status, export_status)
SELECT * FROM (VALUES
  ('50000000-0000-0000-0000-000000000004'::uuid, '20000000-0000-0000-0000-000000000001'::uuid, 'S-001', 'present',   'qr',            'student', 'S-001', NOW() - INTERVAL '7 days',  'synced'::text, 'exported'::text),
  ('50000000-0000-0000-0000-000000000004'::uuid, '20000000-0000-0000-0000-000000000002'::uuid, 'S-002', 'late',      'qr',            'student', 'S-002', NOW() - INTERVAL '7 days',  'synced'::text, 'exported'::text),
  ('50000000-0000-0000-0000-000000000004'::uuid, '20000000-0000-0000-0000-000000000003'::uuid, 'S-003', 'absent',    'manual_teacher','teacher', 'T-001', NOW() - INTERVAL '7 days',  'synced'::text, 'exported'::text),
  ('50000000-0000-0000-0000-000000000005'::uuid, '20000000-0000-0000-0000-000000000001'::uuid, 'S-001', 'present',   'qr',            'student', 'S-001', NOW() - INTERVAL '14 days', 'synced'::text, 'exported'::text),
  ('50000000-0000-0000-0000-000000000005'::uuid, '20000000-0000-0000-0000-000000000002'::uuid, 'S-002', 'absent',    'manual_teacher','teacher', 'T-001', NOW() - INTERVAL '14 days', 'synced'::text, 'exported'::text),
  ('50000000-0000-0000-0000-000000000006'::uuid, '20000000-0000-0000-0000-000000000001'::uuid, 'S-001', 'present',   'qr',            'student', 'S-001', NOW() - INTERVAL '7 days',  'synced'::text, 'exported'::text),
  ('50000000-0000-0000-0000-000000000007'::uuid, '20000000-0000-0000-0000-000000000001'::uuid, 'S-001', 'late',      'qr',            'student', 'S-001', NOW() - INTERVAL '14 days', 'synced'::text, 'exported'::text),
  ('50000000-0000-0000-0000-000000000008'::uuid, '20000000-0000-0000-0000-000000000001'::uuid, 'S-001', 'present',   'qr',            'student', 'S-001', NOW() - INTERVAL '21 days', 'synced'::text, 'exported'::text)
) AS v(class_session_id, student_id, student_external_id, status, method, recorded_by_actor_type, recorded_by_actor_id, device_timestamp, sync_status, export_status)
WHERE NOT EXISTS (
  SELECT 1 FROM attendance_record r
  WHERE r.class_session_id = v.class_session_id AND r.student_id = v.student_id
);
